#Filename,Total,A,C,G,T,N,Other,%GC,Uppercase
AT05KGLKQ6.fa,29879,8329,5023,5434,9065,2028,0,35.00,100.00
AT0AWTMMKP.fa,29869,8614,5203,5595,9291,1166,0,36.15,100.00
AT0ERFB1HF.fa,29870,8844,5403,5801,9529,293,0,37.51,100.00
AT25WIBJFT.fa,29876,8402,5077,5484,9046,1867,0,35.35,100.00
AT4C6YKBZZ.fa,29870,8599,5176,5567,9279,1249,0,35.97,100.00
AT4G966SRR.fa,29869,8741,5309,5712,9412,695,0,36.90,100.00
AT4J6GKZJV.fa,29876,8616,5195,5589,9293,1183,0,36.10,100.00
AT5QBZRJ2P.fa,29879,7826,4591,4972,8451,4039,0,32.01,100.00
AT76LFJKEJ.fa,29870,8492,5127,5525,9177,1549,0,35.66,100.00
AT781XIB54.fa,29870,8754,5329,5714,9427,646,0,36.97,100.00
AT7H83A7O2.fa,29876,8107,4754,5173,8708,3134,0,33.23,100.00
AT7LKS02ZY.fa,29870,8794,5357,5752,9481,486,0,37.19,100.00
ATBSWKRXY3.fa,29879,7699,4531,4938,8441,4270,0,31.69,100.00
ATDDTZIOII.fa,29869,8714,5296,5688,9380,791,0,36.77,100.00
ATEEO64Q5W.fa,29879,7881,4625,5018,8538,3817,0,32.27,100.00
ATEZEING5R.fa,29870,8730,5307,5693,9411,729,0,36.83,100.00
ATHVKKGPO2.fa,29870,8797,5370,5777,9487,439,0,37.32,100.00
ATHX4ESJMU.fa,29870,8810,5381,5787,9509,383,0,37.39,100.00
ATJ92HKIPP.fa,29891,4044,2245,2516,4303,16783,0,15.93,100.00
ATKOAUDDAH-2.fa,29876,8867,5426,5818,9559,206,0,37.64,100.00
ATMBVXFJQN.fa,29870,8795,5358,5746,9475,496,0,37.17,100.00
ATN3EBDCSD.fa,29879,8219,4917,5308,8937,2498,0,34.22,100.00
ATO4IQDBLG.fa,29876,8855,5408,5798,9537,278,0,37.51,100.00
ATODO9Q9H0.fa,29879,8543,5167,5555,9226,1388,0,35.88,100.00
ATOI9WCZ81.fa,29870,8859,5412,5816,9555,228,0,37.59,100.00
ATOMINHMVO.fa,29870,8823,5394,5790,9518,345,0,37.44,100.00
ATPAVSLTVZ.fa,29869,8768,5336,5724,9437,604,0,37.03,100.00
ATPDSVRWH9.fa,29870,8701,5290,5671,9375,833,0,36.70,100.00
ATRVT2XAYT.fa,29870,8511,5122,5523,9226,1488,0,35.64,100.00
ATSAO2XRUQ-2.fa,29870,8781,5344,5744,9468,533,0,37.12,100.00
ATSAO2XRUQ.fa,29870,8611,5199,5589,9296,1175,0,36.12,100.00
ATU0HRPQER.fa,29903,5027,3161,3331,5374,13010,0,21.71,100.00
ATUB1RTN5L.fa,29879,8669,5260,5644,9354,952,0,36.49,100.00
ATWXMLXGNP.fa,29870,8816,5389,5792,9519,354,0,37.43,100.00
ATXI9FLPF9.fa,29903,3075,1822,1969,3413,19624,0,12.68,100.00
ATZJS41EVX.fa,29870,8793,5363,5740,9481,493,0,37.17,100.00
No-barcode-7.fa,29879,8412,5022,5437,9109,1899,0,35.00,100.00
No-barcode-8.fa,29876,8664,5251,5634,9360,967,0,36.43,100.00
No-barcode-9.fa,29900,7299,4197,4574,7854,5976,0,29.33,100.00
